Regions Filters,Cities Filters,Stays,Lowest Price - Stays,Link thumbnail,Flights,Lowest Price - Flights
Middle East,Dubai,https://www.cuddlynest.com/hotel/ae/sun-and-sands-downtown-hotel-8848482?checkin=2026-03-31&checkout=2026-04-03&adults=2&rooms=1&infants=0&children=0&childrenAges=&price=279&location=Dubai%2C%20Dubai%20Emirate%2C%20United%20Arab%20Emirates&sessionid=45414e90447add46&location_type=City&type=viewport&aLat=25.3585607&aLng=55.5650393&bLat=24.7934842&bLng=54.89045429999999&lat=25.204849300000003&lng=55.2707828,$74,https://img.cuddlynest.com/images/listings/2023/9/12/6822013/1/248a6eteh3nyxvp8ktaqnh2peqqbwr.jpg,https://www.cuddlynest.com/flights/results?adults=1&children=0&infants=0&cabinClass=economy&from=London-LHR&to=Dubai-DXB&departDate=2026-04-01,$700
,,https://www.cuddlynest.com/hotel/ae/citymax-hotel-business-bay-8283432?checkin=2026-03-31&checkout=2026-04-03&adults=2&rooms=1&infants=0&children=0&childrenAges=&price=453&location=Dubai%2C%20Dubai%20Emirate%2C%20United%20Arab%20Emirates&sessionid=45414e90447add46&location_type=City&type=viewport&aLat=25.3585607&aLng=55.5650393&bLat=24.7934842&bLng=54.89045429999999&lat=25.204849300000003&lng=55.2707828,$75,https://img.cuddlynest.com/images/listings/2025/03/17/12/e80ffdbcb8fc62e5425f4321e76299af.jpg,https://www.cuddlynest.com/flights/results?adults=1&children=0&infants=0&cabinClass=economy&from=Manchester%2C+Greater+Manchester-MAN&to=Dubai-DXB&departDate=2026-04-01,$736
,,https://www.cuddlynest.com/hotel/ae/citymax-hotel-bur-dubai-8837495?checkin=2026-03-31&checkout=2026-04-03&adults=2&rooms=1&infants=0&children=0&childrenAges=&price=348&location=Dubai%2C%20Dubai%20Emirate%2C%20United%20Arab%20Emirates&sessionid=45414e90447add46&location_type=City&type=viewport&aLat=25.3585607&aLng=55.5650393&bLat=24.7934842&bLng=54.89045429999999&lat=25.204849300000003&lng=55.2707828,$77,https://img.cuddlynest.com/images/listings/2023/9/12/6859196/1/nxbiwe4sbm0pr331or07yrvenoavyj.jpg,https://www.cuddlynest.com/flights/results?adults=1&children=0&infants=0&cabinClass=economy&from=Paris-CDG&to=Dubai-DXB&departDate=2026-04-01,$437
,Abu Dhabi,https://www.cuddlynest.com/hotel/ae/kingsgate-hotel-8965118?checkin=2026-03-31&checkout=2026-04-03&adults=2&rooms=1&infants=0&children=0&childrenAges=&price=217&location=Abu%20Dhabi%2C%20Abu%20Dhabi%20Emirate%2C%20United%20Arab%20Emirates&sessionid=ba674dd97855b0da&location_type=City&type=viewport&aLat=24.57578977&aLng=54.68657689&bLat=24.32909728&bLng=54.19512488&lat=24.4525039&lng=54.44085088,$170,https://img.cuddlynest.com/images/listings/2024/11/22/8965118/1/pkxszf0w5tfbh9kj8ob58mlo5dajhh.jpg,https://www.cuddlynest.com/flights/results?adults=1&children=0&infants=0&cabinClass=economy&from=Paris-CDG&to=Abu+Dhabi-AUH&departDate=2026-04-01,$440
,,https://www.cuddlynest.com/hotel/ae/al-jazeera-royal-hotel-4930318?checkin=2026-03-31&checkout=2026-04-03&adults=2&rooms=1&infants=0&children=0&childrenAges=&price=185&location=Abu%20Dhabi%2C%20Abu%20Dhabi%20Emirate%2C%20United%20Arab%20Emirates&sessionid=ba674dd97855b0da&location_type=City&type=viewport&aLat=24.57578977&aLng=54.68657689&bLat=24.32909728&bLng=54.19512488&lat=24.4525039&lng=54.44085088,$164,https://img.cuddlynest.com/images/listings/2022/06/06/15/941bc921edc6e2e5b4ea5c341677f7f9.jpg,https://www.cuddlynest.com/flights/results?adults=1&children=0&infants=0&cabinClass=economy&from=London-LHR&to=Abu+Dhabi-AUH&departDate=2026-04-01,$601
,,https://www.cuddlynest.com/hotel/ae/city-seasons-al-hamra-hotel-2998734?checkin=2026-03-31&checkout=2026-04-03&adults=2&rooms=1&infants=0&children=0&childrenAges=&price=201&location=Abu%20Dhabi%2C%20Abu%20Dhabi%20Emirate%2C%20United%20Arab%20Emirates&sessionid=ba674dd97855b0da&location_type=City&type=viewport&aLat=24.57578977&aLng=54.68657689&bLat=24.32909728&bLng=54.19512488&lat=24.4525039&lng=54.44085088,$192,https://img.cuddlynest.com/images/listings/2022/8/23/3680867/1/gnhwl0snpm91eldrqxq7yuo2yadtt5.jpg,https://www.cuddlynest.com/flights/results?adults=1&children=0&infants=0&cabinClass=economy&from=Manchester%2C+Greater+Manchester-MAN&to=Abu+Dhabi-AUH&departDate=2026-04-01,$680
,Beirut,https://www.cuddlynest.com/hotel/lb/hotel-napoleon-beirut-4582209?checkin=2026-03-31&checkout=2026-04-03&adults=2&rooms=1&infants=0&children=0&childrenAges=&price=180&location=Beirut%2C%20Lebanon&sessionid=409567b37cb89a3b&location_type=City&type=viewport&aLat=33.9161091&aLng=35.5416362&bLat=33.8623275&bLng=35.4669284&lat=33.8937913&lng=35.50177670000001,$100,https://img.cuddlynest.com/images/listings/2023/9/12/7008411/3/is0o1b52p0wbqhv1f4kf0li9nswcsb.jpg,https://www.cuddlynest.com/flights/results?adults=1&children=0&infants=0&cabinClass=economy&from=Rome-FCO&to=Beirut-BEY&departDate=2026-04-01,$220
,,https://www.cuddlynest.com/vacation-rental/lb/three-onine-urban-house-3373817?checkin=2026-03-31&checkout=2026-04-03&adults=2&rooms=1&infants=0&children=0&childrenAges=&price=156&location=Beirut%2C%20Lebanon&sessionid=409567b37cb89a3b&location_type=City&type=viewport&aLat=33.9161091&aLng=35.5416362&bLat=33.8623275&bLng=35.4669284&lat=33.8937913&lng=35.50177670000001,$201,https://img.cuddlynest.com/images/listings/2024/4/2/7570535/2/fjvsgdx16aiw0upgvq19tdlk11etrb.jpg,https://www.cuddlynest.com/flights/results?adults=1&children=0&infants=0&cabinClass=economy&from=London-LHR&to=Beirut-BEY&departDate=2026-04-01,$310
,,https://www.cuddlynest.com/hotel/lb/mozart-hotel-10589291?checkin=2026-03-31&checkout=2026-04-03&adults=2&rooms=1&infants=0&children=0&childrenAges=&price=158&location=Beirut%2C%20Lebanon&sessionid=409567b37cb89a3b&location_type=City&type=viewport&aLat=33.9161091&aLng=35.5416362&bLat=33.8623275&bLng=35.4669284&lat=33.8937913&lng=35.50177670000001,$156,https://img.cuddlynest.com/images/listings/2023/9/12/6998236/1/up4e2zh1zpahh3mfxn3qv8e8dhq8sm.jpg,https://www.cuddlynest.com/flights/results?adults=1&children=0&infants=0&cabinClass=economy&from=Paris-CDG&to=Beirut-BEY&departDate=2026-04-01,$432
,Amman,https://www.cuddlynest.com/hotel/jo/al-nujoom-hotel-suites-4526893?checkin=2026-03-31&checkout=2026-04-03&adults=2&rooms=1&infants=0&children=0&childrenAges=&price=213&location=Amman%2C%20Amman%20Governorate%2C%20Jordan&sessionid=6f17a0e770fe6207&location_type=City&type=viewport&aLat=32.06483774271589&aLng=35.97026006433778&bLat=31.86854286600396&bLng=35.84940509650566&lat=31.966742764953896&lng=35.90983258042172,$93,https://img.cuddlynest.com/images/listings/2023/09/01/09/4d27a8fb9208bc7c21efb44951243b2f.jpg,https://www.cuddlynest.com/flights/results?adults=1&children=0&infants=0&cabinClass=economy&from=Rome-FCO&to=Amman-AMM&departDate=2026-04-01,$381
,,https://www.cuddlynest.com/unique-stay/jo/amman-palace-hotel-4408327?checkin=2026-03-31&checkout=2026-04-03&adults=2&rooms=1&infants=0&children=0&childrenAges=&price=243&location=Amman%2C%20Amman%20Governorate%2C%20Jordan&sessionid=6f17a0e770fe6207&location_type=City&type=viewport&aLat=32.06483774271589&aLng=35.97026006433778&bLat=31.86854286600396&bLng=35.84940509650566&lat=31.966742764953896&lng=35.90983258042172,$97,https://img.cuddlynest.com/images/listings/2026/3/9/8379745/0/u0l9ze0beh7vpt9n7ges7elxa1yt4r.jpg,https://www.cuddlynest.com/flights/results?adults=1&children=0&infants=0&cabinClass=economy&from=London-LHR&to=Amman-AMM&departDate=2026-04-01,$584
,,https://www.cuddlynest.com/hotel/jo/new-park-hotel-3395062?checkin=2026-03-31&checkout=2026-04-03&adults=2&rooms=1&infants=0&children=0&childrenAges=&price=216&location=Amman%2C%20Amman%20Governorate%2C%20Jordan&sessionid=6f17a0e770fe6207&location_type=City&type=viewport&aLat=32.06483774271589&aLng=35.97026006433778&bLat=31.86854286600396&bLng=35.84940509650566&lat=31.966742764953896&lng=35.90983258042172,$96,https://img.cuddlynest.com/images/listings/2023/9/12/6991922/1/4jzgbcvnkqplyzp62en1ijv4il9lpo.jpg,https://www.cuddlynest.com/flights/results?adults=1&children=0&infants=0&cabinClass=economy&from=Paris-CDG&to=Amman-AMM&departDate=2026-04-01,$567
,Doha,https://www.cuddlynest.com/hotel/qa/the-town-hotel-doha-2837595?checkin=2026-03-31&checkout=2026-04-02&adults=2&rooms=1&infants=0&children=0&childrenAges=&price=128&location=Doha%2C%20Qatar&sessionid=b9659a6c8fd011c8&location_type=City&type=viewport,$73,https://img.cuddlynest.com/images/listings/2023/9/12/7012488/1/996qm46bspjo0meawh9015c67adtqc.jpg,https://www.cuddlynest.com/flights/results?adults=1&children=0&infants=0&cabinClass=economy&from=Manchester%2C+Greater+Manchester-MAN&to=Doha-DOH&departDate=2026-04-01,$325
,,https://www.cuddlynest.com/hotel/qa/doha-dynasty-hotel-8733423?checkin=2026-03-31&checkout=2026-04-02&adults=2&rooms=1&infants=0&children=0&childrenAges=&price=82&location=Doha%2C%20Qatar&sessionid=b9659a6c8fd011c8&location_type=City&type=viewport,$74,https://img.cuddlynest.com/images/listings/2023/9/12/7023518/1/0jvqzjjnipumw2d6f7r5feizixvjji.jpg,https://www.cuddlynest.com/flights/results?adults=1&children=0&infants=0&cabinClass=economy&from=London-LHR&to=Doha-DOH&departDate=2026-04-01,$802
,,https://www.cuddlynest.com/hotel/qa/ibis-doha-8295536?checkin=2026-03-31&checkout=2026-04-02&adults=2&rooms=1&infants=0&children=0&childrenAges=&price=101&location=Doha%2C%20Qatar&sessionid=b9659a6c8fd011c8&location_type=City&type=viewport,$94,https://img.cuddlynest.com/images/listings/2023/9/12/7015614/1/7tficmk6hppm2c2aeq4g6bvmn3ujyk.jpg,https://www.cuddlynest.com/flights/results?adults=1&children=0&infants=0&cabinClass=economy&from=Paris-CDG&to=Doha-DOH&departDate=2026-04-01,$512
Southeast Asia,Phuket,https://www.cuddlynest.com/hotel/th/the-malika-3027884?checkin=2026-03-31&checkout=2026-04-03&adults=2&rooms=1&infants=0&children=0&childrenAges=&price=174&location=Phuket%2C%20Thailand&sessionid=0393b9a29e5e1fc5&location_type=State&type=viewport&aLat=8.016797604&aLng=98.42812763&bLat=7.79780011&bLng=98.27946887&lat=7.89&lng=98.39833,$144,https://img.cuddlynest.com/images/listings/2023/9/11/6584323/1/7e1lnh8wg2sqdyn2xouk42x4k77cbl.jpg,https://www.cuddlynest.com/flights/results?adults=1&children=0&infants=0&cabinClass=economy&from=Sydney+%28Mascot%29-SYD&to=Phuket-HKT&departDate=2026-04-01,$640
,,https://www.cuddlynest.com/hotel/th/chinotel-2669361?checkin=2026-03-31&checkout=2026-04-03&adults=2&rooms=1&infants=0&children=0&childrenAges=&price=94&location=Phuket%2C%20Thailand&sessionid=0393b9a29e5e1fc5&location_type=State&type=viewport&aLat=8.016797604&aLng=98.42812763&bLat=7.79780011&bLng=98.27946887&lat=7.89&lng=98.39833,$85,https://img.cuddlynest.com/images/listings/2023/9/11/6645085/4/dhwmscf9m9eev90b4ssf8sblizp2lo.jpg,https://www.cuddlynest.com/flights/results?adults=1&children=0&infants=0&cabinClass=economy&from=Singapore-SIN&to=Phuket-HKT&departDate=2026-04-01,$100
,,https://www.cuddlynest.com/hotel/th/chino-town-gallery-alley-3348704?checkin=2026-03-31&checkout=2026-04-03&adults=2&rooms=1&infants=0&children=0&childrenAges=&price=87&location=Phuket%2C%20Thailand&sessionid=0393b9a29e5e1fc5&location_type=State&type=viewport&aLat=8.016797604&aLng=98.42812763&bLat=7.79780011&bLng=98.27946887&lat=7.89&lng=98.39833,$80,https://img.cuddlynest.com/images/listings/2023/9/11/6577271/1/1rfnjv8a46r7c7z7fvod2vfnwieb7d.jpg,https://www.cuddlynest.com/flights/results?adults=1&children=0&infants=0&cabinClass=economy&from=London-LHR&to=Phuket-HKT&departDate=2026-04-01,$771
,Bali,https://www.cuddlynest.com/apartment/id/mahana-boutique-apartment-2768121?checkin=2026-03-31&checkout=2026-04-03&adults=2&rooms=1&infants=0&children=0&childrenAges=&price=101&location=Bali%2C%20Indonesia&sessionid=5e3b6973cc42f184&location_type=State&type=viewport&aLat=-8.235751492557124&aLng=115.36576696565896&bLat=-8.98322381379781&bLng=115.06844946964941&lat=-8.609672208299639&lng=115.21710821765417,$93,https://img.cuddlynest.com/images/listings/2023/9/11/6576007/1/e56auo7yzf0ugwt8i9ez29j7f8v4t9.jpg,https://www.cuddlynest.com/flights/results?adults=1&children=0&infants=0&cabinClass=economy&from=Sydney+%28Mascot%29-SYD&to=Kuta%2C+Badung-DPS&departDate=2026-04-01,$631
,,https://www.cuddlynest.com/hotel/id/ibis-styles-bali-denpasar-chse-certified-4010816?checkin=2026-03-31&checkout=2026-04-03&adults=2&rooms=1&infants=0&children=0&childrenAges=&price=80&location=Bali%2C%20Indonesia&sessionid=5e3b6973cc42f184&location_type=State&type=viewport&aLat=-8.235751492557124&aLng=115.36576696565896&bLat=-8.98322381379781&bLng=115.06844946964941&lat=-8.609672208299639&lng=115.21710821765417,$76,https://img.cuddlynest.com/images/listings/2026/3/12/8409290/0/ckeweu7h11f59toie6b1tbc2mbmbpf.jpg,https://www.cuddlynest.com/flights/results?adults=1&children=0&infants=0&cabinClass=economy&from=Singapore-SIN&to=Kuta%2C+Badung-DPS&departDate=2026-04-01,$136
,,https://www.cuddlynest.com/hotel/id/pop-hotel-denpasar-teuku-umar-3053779?checkin=2026-03-31&checkout=2026-04-03&adults=2&rooms=1&infants=0&children=0&childrenAges=&price=73&location=Bali%2C%20Indonesia&sessionid=5e3b6973cc42f184&location_type=State&type=viewport&aLat=-8.235751492557124&aLng=115.36576696565896&bLat=-8.98322381379781&bLng=115.06844946964941&lat=-8.609672208299639&lng=115.21710821765417,$72,https://img.cuddlynest.com/images/listings/2026/3/12/8414152/0/j8cbgoo5jn8kuam55rp8ro9humiy6o.jpg,https://www.cuddlynest.com/flights/results?adults=1&children=0&infants=0&cabinClass=economy&from=London-LHR&to=Kuta%2C+Badung-DPS&departDate=2026-04-01,$869
,Manila,https://www.cuddlynest.com/hotel/ph/oyo-107-orange-nest-hotel-3994798?checkin=2026-03-31&checkout=2026-04-03&adults=2&rooms=1&infants=0&children=0&childrenAges=&price=63&location=Manila%2C%20Metro%20Manila%2C%20Philippines&sessionid=4e4757210770eccf&location_type=City&type=viewport&aLat=14.6390175&aLng=121.0261686&bLat=14.5539791&bLng=120.932951&lat=14.599512400000002&lng=120.98421950000001,$59,https://img.cuddlynest.com/images/listings/2022/05/25/15/28459855646f683305b3dc7d797012c4.jpg,https://www.cuddlynest.com/flights/results?adults=1&children=0&infants=0&cabinClass=economy&from=Tokyo-HND&to=Manila-MNL&departDate=2026-04-01,$177
,,https://www.cuddlynest.com/hotel/ph/astrotel-novaliches-10598862?checkin=2026-03-31&checkout=2026-04-03&adults=2&rooms=1&infants=0&children=0&childrenAges=&price=51&location=Manila%2C%20Metro%20Manila%2C%20Philippines&sessionid=4e4757210770eccf&location_type=City&type=viewport&aLat=14.6390175&aLng=121.0261686&bLat=14.5539791&bLng=120.932951&lat=14.599512400000002&lng=120.98421950000001,$49,https://img.cuddlynest.com/images/listings/2025/4/25/10598862/1/9gux8tihosc1kjxdrnlynh1iqsndli.jpg,https://www.cuddlynest.com/flights/results?adults=1&children=0&infants=0&cabinClass=economy&from=Singapore-SIN&to=Manila-MNL&departDate=2026-04-01,$192
,,https://www.cuddlynest.com/unique-stay/ph/manila-manor-hotel-4045660?checkin=2026-03-31&checkout=2026-04-03&adults=2&rooms=1&infants=0&children=0&childrenAges=&price=75&location=Manila%2C%20Metro%20Manila%2C%20Philippines&sessionid=4e4757210770eccf&location_type=City&type=viewport&aLat=14.6390175&aLng=121.0261686&bLat=14.5539791&bLng=120.932951&lat=14.599512400000002&lng=120.98421950000001,$62,https://img.cuddlynest.com/images/listings/2022/8/23/9482776/2/lzlbtypfvvqdo9u27760gs8fcf6wpd.jpg,https://www.cuddlynest.com/flights/results?adults=1&children=0&infants=0&cabinClass=economy&from=Seoul-ICN&to=Manila-MNL&departDate=2026-04-01,$85
,Cebu City,https://www.cuddlynest.com/hotel/ph/dynasty-tourist-inn-8943483?checkin=2026-03-31&checkout=2026-04-03&adults=2&rooms=1&infants=0&children=0&childrenAges=&price=96&location=Cebu%20City%2C%20Central%20Visayas%2C%20Philippines&sessionid=eb5b687d7aa0c8b1&location_type=City&type=viewport&aLat=10.498277&aLng=123.9291998&bLat=10.2592519&bLng=123.7633896&lat=10.3156992&lng=123.88543659999999,$68,https://img.cuddlynest.com/images/listings/2023/9/12/6841691/1/6s24b7xw43pr30aq3zqv0z9hxfaffp.jpg,https://www.cuddlynest.com/flights/results?adults=1&children=0&infants=0&cabinClass=economy&from=Tokyo-HND&to=Lapu-Lapu+City-CEB&departDate=2026-04-01,$402
,,https://www.cuddlynest.com/hotel/ph/reddoorz-junquera-extension-cebu-4242321?checkin=2026-03-31&checkout=2026-04-03&adults=2&rooms=1&infants=0&children=0&childrenAges=&price=57&location=Cebu%20City%2C%20Central%20Visayas%2C%20Philippines&sessionid=eb5b687d7aa0c8b1&location_type=City&type=viewport&aLat=10.498277&aLng=123.9291998&bLat=10.2592519&bLng=123.7633896&lat=10.3156992&lng=123.88543659999999,$53,https://img.cuddlynest.com/images/listings/2023/9/12/6796707/1/7t3expsj1dk6rr5mxss2l52yszbfl0.jpg,https://www.cuddlynest.com/flights/results?adults=1&children=0&infants=0&cabinClass=economy&from=Singapore-SIN&to=Lapu-Lapu+City-CEB&departDate=2026-04-01,$313
,,https://www.cuddlynest.com/hotel/ph/crown-regency-residences-cebu-8796936?checkin=2026-03-31&checkout=2026-04-03&adults=2&rooms=1&infants=0&children=0&childrenAges=&price=78&location=Cebu%20City%2C%20Central%20Visayas%2C%20Philippines&sessionid=eb5b687d7aa0c8b1&location_type=City&type=viewport&aLat=10.498277&aLng=123.9291998&bLat=10.2592519&bLng=123.7633896&lat=10.3156992&lng=123.88543659999999,$70,https://img.cuddlynest.com/images/listings/2023/9/11/6750326/1/ihq06anrwtpwtmlh8e2rrj525sbsfz.jpg,https://www.cuddlynest.com/flights/results?adults=1&children=0&infants=0&cabinClass=economy&from=Seoul-ICN&to=Lapu-Lapu+City-CEB&departDate=2026-04-01,$149
,Singapore,https://www.cuddlynest.com/hotel/sg/hotel-81-changi-2735029?checkin=2026-03-31&checkout=2026-04-03&adults=2&rooms=1&infants=0&children=0&childrenAges=&price=282&location=Singapore&sessionid=969b6cebcb5149da&location_type=City&type=viewport&aLat=1.339725111504191&aLng=103.87694995545783&bLat=1.2678850267044772&bLng=103.82439115299711&lat=1.303805325367477&lng=103.85067055422746,$222,https://img.cuddlynest.com/images/listings/2023/9/12/6990272/1/e7bld39qu7751rqmaaveduii27cc8r.jpg,https://www.cuddlynest.com/flights/results?adults=1&children=0&infants=0&cabinClass=economy&from=Jakarta-CGK&to=Singapore-SIN&departDate=2026-04-01,$54
,,https://www.cuddlynest.com/hotel/sg/penta-hotel-5071788?checkin=2026-03-31&checkout=2026-04-03&adults=2&rooms=1&infants=0&children=0&childrenAges=&price=303&location=Singapore&sessionid=969b6cebcb5149da&location_type=City&type=viewport&aLat=1.339725111504191&aLng=103.87694995545783&bLat=1.2678850267044772&bLng=103.82439115299711&lat=1.303805325367477&lng=103.85067055422746,$281,https://img.cuddlynest.com/images/listings/2022/06/10/13/9857c4d7be25636d321bb62ad99eb29b.jpg,https://www.cuddlynest.com/flights/results?adults=1&children=0&infants=0&cabinClass=economy&from=Kuala+Lumpur-KUL&to=Singapore-SIN&departDate=2026-04-01,$23
,,https://www.cuddlynest.com/hotel/sg/sandpiper-hotel-8954173?checkin=2026-03-31&checkout=2026-04-03&adults=2&rooms=1&infants=0&children=0&childrenAges=&price=420&location=Singapore&sessionid=969b6cebcb5149da&location_type=City&type=viewport&aLat=1.339725111504191&aLng=103.87694995545783&bLat=1.2678850267044772&bLng=103.82439115299711&lat=1.303805325367477&lng=103.85067055422746,$168,https://img.cuddlynest.com/images/listings/2023/9/12/7000988/1/i42qbu68mfahsescry4c1apy6x9b0k.jpg,https://www.cuddlynest.com/flights/results?adults=1&children=0&infants=0&cabinClass=economy&from=Bangkok-BKK&to=Kuala+Lumpur-KUL&departDate=2026-04-01,$114
Europe,Rome,https://www.cuddlynest.com/hotel/it/hotel-alba-roma-10582718?checkin=2026-03-31&checkout=2026-04-03&adults=2&rooms=1&infants=0&children=0&childrenAges=&price=197&location=Rome%2C%20Lazio%2C%20Italy&sessionid=9b574db3c5736526&location_type=City&type=viewport,$190,https://img.cuddlynest.com/images/listings/2022/05/21/05/0ffccaa98e9d7c12c2757e6d8c212f94.jpg,https://www.cuddlynest.com/flights/results?adults=1&children=0&infants=0&cabinClass=economy&from=Paris-CDG&to=Rome-FCO&departDate=2026-04-01,$143
,,https://www.cuddlynest.com/hotel/it/hotel-romulus-8810943?checkin=2026-03-31&checkout=2026-04-03&adults=2&rooms=1&infants=0&children=0&childrenAges=&price=335&location=Rome%2C%20Lazio%2C%20Italy&sessionid=9b574db3c5736526&location_type=City&type=viewport,$233,https://img.cuddlynest.com/images/listings/2022/04/30/05/6bfdb595df2dffcafeceba12cb8c5272.jpg,https://www.cuddlynest.com/flights/results?adults=1&children=0&infants=0&cabinClass=economy&from=Madrid-MAD&to=Rome-FCO&departDate=2026-04-01,$87
,,https://www.cuddlynest.com/hotel/it/hotel-degli-imperatori-8803432?checkin=2026-03-31&checkout=2026-04-03&adults=2&rooms=1&infants=0&children=0&childrenAges=&price=270&location=Rome%2C%20Lazio%2C%20Italy&sessionid=9b574db3c5736526&location_type=City&type=viewport,$231,https://img.cuddlynest.com/images/listings/2024/11/28/8803432/10/k188jwxv4f44a9szj89z6bnwjaq9n9.jpg,https://www.cuddlynest.com/flights/results?adults=1&children=0&infants=0&cabinClass=economy&from=Munich-MUC&to=Rome-FCO&departDate=2026-04-01,$183
,Seville,https://www.cuddlynest.com/hotel/es/torre-de-los-guzmanes-8858930?checkin=2026-03-31&checkout=2026-04-03&adults=2&rooms=1&infants=0&children=0&childrenAges=&price=478&location=Seville%2C%20Spain&sessionid=9013d96f02519732&location_type=State&type=viewport&aLat=39.5&aLng=-3.5&bLat=35.5&bLng=-7.5&lat=37.5&lng=-5.5,$386,https://img.cuddlynest.com/images/listings/2026/3/7/8340151/0/zxy0jrtkube6faexh8fhbuc9gceujm.jpg,https://www.cuddlynest.com/flights/results?adults=1&children=0&infants=0&cabinClass=economy&from=Madrid-MAD&to=Sevilla-SVQ&departDate=2026-04-01,$186
,,https://www.cuddlynest.com/hotel/es/abades-benacazn-hotel-3136858?checkin=2026-03-31&checkout=2026-04-03&adults=2&rooms=1&infants=0&children=0&childrenAges=&price=292&location=Seville%2C%20Spain&sessionid=9013d96f02519732&location_type=State&type=viewport&aLat=39.5&aLng=-3.5&bLat=35.5&bLng=-7.5&lat=37.5&lng=-5.5,$292,https://img.cuddlynest.com/images/listings/2026/3/7/8339465/0/hd8v0qnsdlh0okkgoj9j2f49vzopau.jpg,https://www.cuddlynest.com/flights/results?adults=1&children=0&infants=0&cabinClass=economy&from=Barcelona-BCN&to=Sevilla-SVQ&departDate=2026-04-01,$120
,,https://www.cuddlynest.com/hotel/es/hotel-oromana-2966772?checkin=2026-03-31&checkout=2026-04-03&adults=2&rooms=1&infants=0&children=0&childrenAges=&price=466&location=Seville%2C%20Spain&sessionid=9013d96f02519732&location_type=State&type=viewport&aLat=39.5&aLng=-3.5&bLat=35.5&bLng=-7.5&lat=37.5&lng=-5.5,$378,https://img.cuddlynest.com/images/listings/2023/9/11/6664444/1/73z7iv35718dwn1u3djrgke6sexpft.jpg,https://www.cuddlynest.com/flights/results?adults=1&children=0&infants=0&cabinClass=economy&from=Lisbon-LIS&to=Sevilla-SVQ&departDate=2026-04-01,$125
,Vienna ,https://www.cuddlynest.com/hotel/at/arcotel-donauzentrum-3992896?checkin=2026-03-31&checkout=2026-04-03&adults=2&rooms=1&infants=0&children=0&childrenAges=&price=341&location=Vienna%2C%20Austria&sessionid=62e60f35050ea157&location_type=State&type=viewport&aLat=50.20833&aLng=18.37306&bLat=46.20833&bLng=14.373059999999999&lat=48.20833&lng=16.37306,$324,https://img.cuddlynest.com/images/listings/2022/04/30/03/261178fa47382e4177bd4d15858a5e2f.jpg,https://www.cuddlynest.com/flights/results?adults=1&children=0&infants=0&cabinClass=economy&from=Berlin-BER&to=Vienna-VIE&departDate=2026-04-01,$293
,,https://www.cuddlynest.com/hotel/at/ibis-styles-wien-messe-prater-3113196?checkin=2026-03-31&checkout=2026-04-03&adults=2&rooms=1&infants=0&children=0&childrenAges=&price=423&location=Vienna%2C%20Austria&sessionid=62e60f35050ea157&location_type=State&type=viewport&aLat=50.20833&aLng=18.37306&bLat=46.20833&bLng=14.373059999999999&lat=48.20833&lng=16.37306,$391,https://img.cuddlynest.com/images/listings/2023/9/10/6553797/1/3f3g5ack6j1e5wjde4tsoook54pjbj.jpg,https://www.cuddlynest.com/flights/results?adults=1&children=0&infants=0&cabinClass=economy&from=Zurich-ZRH&to=Vienna-VIE&departDate=2026-04-01,$500
,,https://www.cuddlynest.com/hotel/at/lenas-donau-3992910?checkin=2026-03-31&checkout=2026-04-03&adults=2&rooms=1&infants=0&children=0&childrenAges=&price=243&location=Vienna%2C%20Austria&sessionid=62e60f35050ea157&location_type=State&type=viewport&aLat=50.20833&aLng=18.37306&bLat=46.20833&bLng=14.373059999999999&lat=48.20833&lng=16.37306,$234,https://img.cuddlynest.com/images/listings/2024/11/12/8547046/1/22i4ic00szcmcupwqmdx22not665tl.jpg,https://www.cuddlynest.com/flights/results?adults=1&children=0&infants=0&cabinClass=economy&from=Budapest-BUD&to=Vienna-VIE&departDate=2026-04-01,$275
,Prague,https://www.cuddlynest.com/hotel/cz/a-and-o-prague-rhea-8835404?checkin=2026-03-31&checkout=2026-04-03&adults=2&rooms=1&infants=0&children=0&childrenAges=&price=174&location=Prague%2C%20Czech%20Republic&sessionid=66caad5168a6d46c&location_type=City&type=viewport&aLat=50.177403&aLng=14.7067945&bLat=49.94193629999999&bLng=14.2244533&lat=50.0755381&lng=14.4378005,$151,https://img.cuddlynest.com/images/listings/2026/3/9/8391761/0/r110aw4uq1wbpddeewhgt6lqxlqmjl.jpg,https://www.cuddlynest.com/flights/results?adults=1&children=0&infants=0&cabinClass=economy&from=Berlin-BER&to=Prague-PRG&departDate=2026-04-01,$164
,,https://www.cuddlynest.com/hotel/cz/gallery-hotel-sis-8808676?checkin=2026-03-31&checkout=2026-04-03&adults=2&rooms=1&infants=0&children=0&childrenAges=&price=210&location=Prague%2C%20Czech%20Republic&sessionid=66caad5168a6d46c&location_type=City&type=viewport&aLat=50.177403&aLng=14.7067945&bLat=49.94193629999999&bLng=14.2244533&lat=50.0755381&lng=14.4378005,$166,https://img.cuddlynest.com/images/listings/2026/3/9/8395499/0/ak1j7sstb5vtcsdythjlbc98786cm6.jpg,https://www.cuddlynest.com/flights/results?adults=1&children=0&infants=0&cabinClass=economy&from=Zurich-ZRH&to=Prague-PRG&departDate=2026-04-01,$355
,,https://www.cuddlynest.com/hotel/cz/hotel-energie-8806610?checkin=2026-03-31&checkout=2026-04-03&adults=2&rooms=1&infants=0&children=0&childrenAges=&price=238&location=Prague%2C%20Czech%20Republic&sessionid=66caad5168a6d46c&location_type=City&type=viewport&aLat=50.177403&aLng=14.7067945&bLat=49.94193629999999&bLng=14.2244533&lat=50.0755381&lng=14.4378005,$218,https://img.cuddlynest.com/images/listings/2022/05/02/00/6ebe4ddeee42f7297cf1c4a2140ad65e.jpg,https://www.cuddlynest.com/flights/results?adults=1&children=0&infants=0&cabinClass=economy&from=Budapest-BUD&to=Prague-PRG&departDate=2026-04-01,$163
,Florence,https://www.cuddlynest.com/hotel/it/hotel-corolle-8795853?checkin=2026-03-31&checkout=2026-04-03&adults=2&rooms=1&infants=0&children=0&childrenAges=&price=1368&location=Florence%2C%20Tuscany%2C%20Italy&sessionid=91e2a218c8eb9cf4&location_type=City&type=viewport,$233,https://img.cuddlynest.com/images/listings/2023/9/10/6534301/1/wm91bpmj90ppt27otg25r5j4x5amwg.jpg,https://www.cuddlynest.com/flights/results?adults=1&children=0&infants=0&cabinClass=economy&from=Paris-CDG&to=Florence-FLO&departDate=2026-04-01,"$1,198"
,,https://www.cuddlynest.com/hotel/it/hotel-real-8786961?checkin=2026-03-31&checkout=2026-04-03&adults=2&rooms=1&infants=0&children=0&childrenAges=&price=960&location=Florence%2C%20Tuscany%2C%20Italy&sessionid=91e2a218c8eb9cf4&location_type=City&type=viewport,$211,https://img.cuddlynest.com/images/listings/2026/3/9/8385088/0/7ei5su744rkd10xgqkpgbzyskq2dlh.jpg,https://www.cuddlynest.com/flights/results?adults=1&children=0&infants=0&cabinClass=economy&from=Madrid-MAD&to=Florence-FLO&departDate=2026-04-01,"$1,406"
,,https://www.cuddlynest.com/hotel/it/auto-park-hotel-8848141?checkin=2026-03-31&checkout=2026-04-03&adults=2&rooms=1&infants=0&children=0&childrenAges=&price=1641&location=Florence%2C%20Tuscany%2C%20Italy&sessionid=91e2a218c8eb9cf4&location_type=City&type=viewport,$252,https://img.cuddlynest.com/images/listings/2026/3/9/8392471/0/tpk98gwp00o79kdatsgoia71f6sy13.jpg,https://www.cuddlynest.com/flights/results?adults=1&children=0&infants=0&cabinClass=economy&from=Munich-MUC&to=Florence-FLO&departDate=2026-04-01,"$1,708"
North America,New York,https://www.cuddlynest.com/hotel/us/days-hotel-by-wyndham-north-bergen-nyc-area-8835678?checkin=2026-03-31&checkout=2026-04-03&adults=2&rooms=1&infants=0&children=0&childrenAges=&price=446&location=New%20York%2C%20United%20States&sessionid=1522816618e4c056&location_type=State&type=viewport&aLat=40.82977798&aLng=-73.89799779&bLat=40.6622706&bLng=-74.04665655&lat=42.75121096&lng=-75.46524715,$398,https://img.cuddlynest.com/images/listings/2023/9/11/6569263/1/aadfufma5q53xiy1rr4uh2he6twxlp.jpg,https://www.cuddlynest.com/flights/results?adults=1&children=0&infants=0&cabinClass=economy&from=London-LHR&to=New+York-JFK&departDate=2026-04-01,$869
,,https://www.cuddlynest.com/hotel/us/best-western-premier-nyc-gateway-hotel-3370272?checkin=2026-03-31&checkout=2026-04-03&adults=2&rooms=1&infants=0&children=0&childrenAges=&price=570&location=New%20York%2C%20United%20States&sessionid=1522816618e4c056&location_type=State&type=viewport&aLat=40.82977798&aLng=-73.89799779&bLat=40.6622706&bLng=-74.04665655&lat=42.75121096&lng=-75.46524715,$546,https://img.cuddlynest.com/images/listings/2023/9/12/6812072/1/1amy63s8d30vi9fiq0qfhwfl557oic.jpg,https://www.cuddlynest.com/flights/results?adults=1&children=0&infants=0&cabinClass=economy&from=Paris-CDG&to=New+York-JFK&departDate=2026-04-01,$590
,,https://www.cuddlynest.com/hotel/us/surestay-hotel-by-best-western-secaucus-meadowlands-3981654?checkin=2026-03-31&checkout=2026-04-03&adults=2&rooms=1&infants=0&children=0&childrenAges=&price=505&location=New%20York%2C%20United%20States&sessionid=1522816618e4c056&location_type=State&type=viewport&aLat=40.82977798&aLng=-73.89799779&bLat=40.6622706&bLng=-74.04665655&lat=42.75121096&lng=-75.46524715,$523,https://img.cuddlynest.com/images/listings/2024/10/22/8378098/2/b5tu7dfqsbq0uw70xj2cxjeunkgs45.jpg,https://www.cuddlynest.com/flights/results?adults=1&children=0&infants=0&cabinClass=economy&from=Toronto-YYZ&to=New+York-JFK&departDate=2026-04-01,$119
,Boston,https://www.cuddlynest.com/hotel/us/courtyard-boston-milford-8901278?checkin=2026-03-31&checkout=2026-04-03&adults=2&rooms=1&infants=0&children=0&childrenAges=&price=304&location=Boston%2C%20Massachusetts%2C%20United%20States&sessionid=00e1f789d755e772&location_type=City&type=viewport&aLat=42.40081989999999&aLng=-70.749455&bLat=42.22788&bLng=-71.191113&lat=42.360082500000004&lng=-71.0588801,$280,https://img.cuddlynest.com/images/listings/2024/11/21/8901278/1/r5e32ygv4t9jxk1jg759t2pi4x4xmg.jpg,https://www.cuddlynest.com/flights/results?adults=1&children=0&infants=0&cabinClass=economy&from=London-LHR&to=Boston-BOS&departDate=2026-04-01,$564
,,https://www.cuddlynest.com/hotel/us/holiday-inn-express-north-attleboro-8955188?checkin=2026-03-31&checkout=2026-04-03&adults=2&rooms=1&infants=0&children=0&childrenAges=&price=283&location=Boston%2C%20Massachusetts%2C%20United%20States&sessionid=00e1f789d755e772&location_type=City&type=viewport&aLat=42.40081989999999&aLng=-70.749455&bLat=42.22788&bLng=-71.191113&lat=42.360082500000004&lng=-71.0588801,$257,https://img.cuddlynest.com/images/listings/2024/11/22/8955188/1/nm2luix57s107hdrjv7b6i6qgkui97.jpg,https://www.cuddlynest.com/flights/results?adults=1&children=0&infants=0&cabinClass=economy&from=Paris-CDG&to=Boston-BOS&departDate=2026-04-01,$404
,,https://www.cuddlynest.com/hotel/us/holiday-inn-express-plainville-8943839?checkin=2026-03-31&checkout=2026-04-03&adults=2&rooms=1&infants=0&children=0&childrenAges=&price=319&location=Boston%2C%20Massachusetts%2C%20United%20States&sessionid=00e1f789d755e772&location_type=City&type=viewport&aLat=42.40081989999999&aLng=-70.749455&bLat=42.22788&bLng=-71.191113&lat=42.360082500000004&lng=-71.0588801,$290,https://img.cuddlynest.com/images/listings/2024/11/22/8943839/1/c1vwua2rbory8oiwz8txu181u4l1ml.jpg,https://www.cuddlynest.com/flights/results?adults=1&children=0&infants=0&cabinClass=economy&from=Toronto-YYZ&to=Boston-BOS&departDate=2026-04-01,$198
,New Orleans,https://www.cuddlynest.com/hotel/us/days-inn-new-orleans-pontchartrain-8805314?checkin=2026-03-31&checkout=2026-04-03&adults=2&rooms=1&infants=0&children=0&childrenAges=&price=210&location=New%20Orleans%2C%20Louisiana%2C%20United%20States&sessionid=cc58df100680609d&location_type=City&type=viewport&aLat=30.199332&aLng=-89.625053&bLat=29.8666609&bLng=-90.14007389999999&lat=29.9510658&lng=-90.0715323,$187,https://img.cuddlynest.com/images/listings/2024/11/20/8805314/1/ducebnmlh8g4j4v6xcsmir0p4hgn2w.jpg,https://www.cuddlynest.com/flights/results?adults=1&children=0&infants=0&cabinClass=economy&from=Houston-IAH&to=New+Orleans-MSY&departDate=2026-04-01,$82
,,https://www.cuddlynest.com/hotel/us/grand-z-casino-hotel-by-red-lion-hotels-10641435?checkin=2026-03-31&checkout=2026-04-03&adults=2&rooms=1&infants=0&children=0&childrenAges=&price=199&location=New%20Orleans%2C%20Louisiana%2C%20United%20States&sessionid=cc58df100680609d&location_type=City&type=viewport&aLat=30.199332&aLng=-89.625053&bLat=29.8666609&bLng=-90.14007389999999&lat=29.9510658&lng=-90.0715323,$130,https://img.cuddlynest.com/images/listings/2025/4/25/10641435/1/gzuz1orrbrq8z9p78imnrubslft591.jpg,https://www.cuddlynest.com/flights/results?adults=1&children=0&infants=0&cabinClass=economy&from=Atlanta-ATL&to=New+Orleans-MSY&departDate=2026-04-01,$61
,,https://www.cuddlynest.com/hotel/us/omni-riverfront-hotel-8546589?checkin=2026-03-31&checkout=2026-04-03&adults=2&rooms=1&infants=0&children=0&childrenAges=&price=208&location=New%20Orleans%2C%20Louisiana%2C%20United%20States&sessionid=cc58df100680609d&location_type=City&type=viewport&aLat=30.199332&aLng=-89.625053&bLat=29.8666609&bLng=-90.14007389999999&lat=29.9510658&lng=-90.0715323,$196,https://img.cuddlynest.com/images/listings/2023/9/12/7036728/1/ces67zjdjjcyezvucvrmtzowqq2shd.jpg,https://www.cuddlynest.com/flights/results?adults=1&children=0&infants=0&cabinClass=economy&from=Miami-MIA&to=New+Orleans-MSY&departDate=2026-04-01,$146
,Toronto,https://www.cuddlynest.com/hotel/ca/woodbine-hotel-suites-8823756?checkin=2026-03-31&checkout=2026-04-03&adults=2&rooms=1&infants=0&children=0&childrenAges=&price=354&location=Toronto%2C%20Ontario%2C%20Canada&sessionid=4a9e15627ea5d622&location_type=City&type=viewport&aLat=43.8554579&aLng=-79.1168971&bLat=43.5810245&bLng=-79.639219&lat=43.653226000000004&lng=-79.3831843,$268,https://img.cuddlynest.com/images/listings/2024/11/28/8823756/7/fl716mcoujhgiydoxy03848yxbfb82.jpg,https://www.cuddlynest.com/flights/results?adults=1&children=0&infants=0&cabinClass=economy&from=New+york-JFK&to=Toronto-YYZ&departDate=2026-04-01,$91
,,https://www.cuddlynest.com/hotel/ca/crowne-plaza-toronto-airport-8860214?checkin=2026-03-31&checkout=2026-04-03&adults=2&rooms=1&infants=0&children=0&childrenAges=&price=345&location=Toronto%2C%20Ontario%2C%20Canada&sessionid=4a9e15627ea5d622&location_type=City&type=viewport&aLat=43.8554579&aLng=-79.1168971&bLat=43.5810245&bLng=-79.639219&lat=43.653226000000004&lng=-79.3831843,$310,https://img.cuddlynest.com/images/listings/2022/8/22/661795/1/2fgb0v34279pmaqusew5asvolzl9kh.jpg,https://www.cuddlynest.com/flights/results?adults=1&children=0&infants=0&cabinClass=economy&from=Los+Angeles-LAX&to=Toronto-YYZ&departDate=2026-04-01,$183
,,https://www.cuddlynest.com/hotel/ca/pearson-hotel-conference-centre-toronto-airport-8786470?checkin=2026-03-31&checkout=2026-04-03&adults=2&rooms=1&infants=0&children=0&childrenAges=&price=365&location=Toronto%2C%20Ontario%2C%20Canada&sessionid=4a9e15627ea5d622&location_type=City&type=viewport&aLat=43.8554579&aLng=-79.1168971&bLat=43.5810245&bLng=-79.639219&lat=43.653226000000004&lng=-79.3831843,$329,https://img.cuddlynest.com/images/listings/2024/11/20/8786470/1/5qhief4rdxti9gy2grm4snkgnqxq28.jpg,https://www.cuddlynest.com/flights/results?adults=1&children=0&infants=0&cabinClass=economy&from=Chicago-ORD&to=Toronto-YYZ&departDate=2026-04-01,$84
,Vancouver,https://www.cuddlynest.com/hotel/ca/gec-granville-suites-downtown-8835511?checkin=2026-03-31&checkout=2026-04-03&adults=2&rooms=1&infants=0&children=0&childrenAges=&price=363&location=Vancouver%2C%20British%20Columbia%2C%20Canada&sessionid=c887f35d03c01b05&location_type=City&type=viewport&aLat=49.3172939&aLng=-123.023068&bLat=49.19817700000001&bLng=-123.22474&lat=49.282729100000005&lng=-123.1207375,$341,https://img.cuddlynest.com/images/listings/2022/8/23/12840443/1/mqqoio936kepozb5rqrsxfb32pesx8.jpg,https://www.cuddlynest.com/flights/results?adults=1&children=0&infants=0&cabinClass=economy&from=New+york-JFK&to=Vancouver-YVR&departDate=2026-04-01,$313
,,https://www.cuddlynest.com/hotel/ca/best-western-plus-vancouver-airport-hotel-4286903?checkin=2026-03-31&checkout=2026-04-03&adults=2&rooms=1&infants=0&children=0&childrenAges=&price=347&location=Vancouver%2C%20British%20Columbia%2C%20Canada&sessionid=c887f35d03c01b05&location_type=City&type=viewport&aLat=49.3172939&aLng=-123.023068&bLat=49.19817700000001&bLng=-123.22474&lat=49.282729100000005&lng=-123.1207375,$342,https://img.cuddlynest.com/images/listings/2022/8/11/40702/1/kiuwbr870mf58fmbe81jmkpgv4cvfw.jpg,https://www.cuddlynest.com/flights/results?adults=1&children=0&infants=0&cabinClass=economy&from=Los+Angeles-LAX&to=Vancouver-YVR&departDate=2026-04-01,$215
,,https://www.cuddlynest.com/hotel/ca/century-plaza-hotel-spa-3217647?checkin=2026-03-31&checkout=2026-04-03&adults=2&rooms=1&infants=0&children=0&childrenAges=&price=345&location=Vancouver%2C%20British%20Columbia%2C%20Canada&sessionid=c887f35d03c01b05&location_type=City&type=viewport&aLat=49.3172939&aLng=-123.023068&bLat=49.19817700000001&bLng=-123.22474&lat=49.282729100000005&lng=-123.1207375,$321,https://img.cuddlynest.com/images/listings/2021/09/15/00/637f289c911e9c3e9a97f589326d7034.jpg,https://www.cuddlynest.com/flights/results?adults=1&children=0&infants=0&cabinClass=economy&from=Chicago-ORD&to=Vancouver-YVR&departDate=2026-04-01,$259